[
  {
    "id": "default",
    "punishments": [
      {
        "attribute": "attack_damage",
        "value": -0.9,
        "operation": "multiply_total"
      },
      {
        "attribute": "attack_speed",
        "value": -0.9,
        "operation": "multiply_total"
      },
      {
        "attribute": "ranged_damage",
        "value": -0.9,
        "operation": "multiply_total"
      }
    ]
  },
  {
    "id": "ranged",
    "punishments": [
      {
        "attribute": "ranged_damage",
        "value": -0.9,
        "operation": "multiply_total"
      }
    ]
  },
  {
    "id": "iron_magic",
    "punishments": [
      {
        "attribute": "irons_spellbooks:spell_power",
        "value": -0.9,
        "operation": "multiply_total"
      }
    ]
  },
  {
    "id": "ars_nouveau_magic",
    "punishments": [
      {
        "attribute": "ars_nouveau:ars_nouveau.perk.spell_damage",
        "value": -40,
        "operation": "addition"
      },
      {
        "attribute": "ars_nouveau:ars_nouveau.perk.max_mana",
        "value": -0.99,
        "operation": "multiply_total"
      }
    ]
  }
]