{
  "armorSetName": "crimson_wood",
  "performanceMode": true,
  "head": {
    "itemKey": "extraarmor:crimson_wood_helmet"
  },
  "chest": {
    "itemKey": "extraarmor:crimson_wood_chestplate"
  },
  "legs": {
    "itemKey": "extraarmor:crimson_wood_leggings"
  },
  "boots": {
    "itemKey": "extraarmor:crimson_wood_boots"
  },
  "hideGeneratedTooltip": false,
  "customTooltips": [
    "\u80fd\u591f\u7565\u5fae\u5f3a\u5316\u9c9c\u8840\u548c\u81ea\u7136\u7cfb\u9b54\u6cd5\u7684\u5a01\u529b\uff0c\u5e76\u8d4b\u4e88\u518d\u751f\u6548\u679c"
  ],
  "fullSetBonuses": [
    {
      "type": "attribute",
      "name": "irons_spellbooks:nature_spell_power",
      "modifierUUID": "CCC472FA-8DF7-41F6-BFBC-04D3160EBAE6",
      "description": "+20% \u81ea\u7136\u7cfb\u9b54\u6cd5\u4f24\u5bb3",
      "value": 0.2
    },
    {
      "type": "attribute",
      "name": "irons_spellbooks:blood_spell_power",
      "modifierUUID": "5A34EF48-E01C-4902-89EC-BC8AF30DDFAD",
      "description": "+20% \u9c9c\u8840\u7cfb\u9b54\u6cd5\u4f24\u5bb3",
      "value": 0.2
    },
    {
      "type": "effect",
      "name": "minecraft:regeneration",
      "value": 0.0,
      "interactionType": "self",
      "interactionDuration": 300,
      "hideBonusDescription": false,
      "onlyImmuneToNewEffects": false
    }
  ]
}