{
  "armorSetName": "crying_obsidian",
  "performanceMode": true,
  "head": {
    "itemKey": "extraarmor:crying_obsidian_helmet"
  },
  "chest": {
    "itemKey": "extraarmor:crying_obsidian_chestplate"
  },
  "legs": {
    "itemKey": "extraarmor:crying_obsidian_leggings"
  },
  "boots": {
    "itemKey": "extraarmor:crying_obsidian_boots"
  },
  "hideGeneratedTooltip": false,
  "customTooltips": [
    "\u540c\u65f6\u662f\u6700\u597d\u7684\u7269\u7406\u548c\u9b54\u6cd5\u6750\u6599\uff0c\u8ba9\u4eba\u611f\u53f9\u81ea\u7136\u7684\u9b3c\u65a7\u795e\u5de5"
  ],
  "fullSetBonuses": [
    {
      "type": "attribute",
      "name": "irons_spellbooks:spell_power",
      "modifierUUID": "84407F2A-AE6F-4C92-A186-63F48CCB781C",
      "description": "+25% \u9b54\u6cd5\u4f24\u5bb3",
      "value": 0.25
    },
    {
      "type": "attribute",
      "name": "irons_spellbooks:spell_resist",
      "modifierUUID": "091A0D81-5757-4687-914A-DD666F4B2DDC",
      "description": "+25% \u6cd5\u672f\u62b5\u6297",
      "value": 0.25
    },
    {
      "type": "attribute",
      "name": "minecraft:generic.armor_toughness",
      "modifierUUID": "5551B336-1F13-4977-AA83-FB407B7703C3",
      "description": "+10 \u76d4\u7532\u97e7\u6027",
      "value": 10.0
    }
  ]
}