{
  "armorSetName": "cultist",
  "performanceMode": true,
  "head": {
    "itemKey": "irons_spellbooks:cultist_helmet"
  },
  "chest": {
    "itemKey": "irons_spellbooks:cultist_chestplate"
  },
  "legs": {
    "itemKey": "irons_spellbooks:cultist_leggings"
  },
  "boots": {
    "itemKey": "irons_spellbooks:cultist_boots"
  },
  "mainHand": {
    "itemKey": "biomancy:ravenous_claws",
    "mixAndMatch": [
      "irons_spellbooks:blood_staff",
      "alexsmobs:hemolymph_blaster"
    ]
  },
  "offHand": {
    "itemKey": "biomancy:ravenous_claws",
    "mixAndMatch": [
      "irons_spellbooks:blood_staff",
      "alexsmobs:hemolymph_blaster"
    ]
  },
  "additionalSetPieces": [{
    "itemKey": "nameless_trinkets:vampire_blood",
    "mixAndMatch": [
    "irons_spellbooks:necronomicon_spell_book"
    ]
  }],
  "hideGeneratedTooltip": false,
  "customTooltips": [
    "\u4f60\u5df2\u7ecf\u662f\u4e00\u4f4d\u51fa\u8272\u7684\u8840\u8165\u6559\u5f92\u4e86"
  ],
  "partialBonusRequiredAmount": 5,
  "partialSetBonuses": [
    {
      "type": "attribute",
      "name": "irons_spellbooks:blood_spell_power",
      "modifierUUID": "5D1E6173-E24E-4B21-BE37-1E1B61A434AA",
      "description": "+60% \u9c9c\u8840\u9b54\u6cd5\u4f24\u5bb3",
      "value": 0.6
    },
    {
      "type": "attribute",
      "name": "irons_spellbooks:blood_magic_resist",
      "modifierUUID": "1829099D-64D1-45A3-A5E7-E51383AA46EA",
      "description": "+60% \u9c9c\u8840\u9b54\u6cd5\u62b5\u6297",
      "value": 0.6
    }
  ],
  "fullSetBonuses": [
    {
      "type": "attribute",
      "name": "irons_spellbooks:blood_spell_power",
      "modifierUUID": "E878A02D-757C-48EC-ABFE-97589A42CCE1",
      "description": "+90% \u9c9c\u8840\u9b54\u6cd5\u4f24\u5bb3",
      "value": 0.9
    },
    {
      "type": "attribute",
      "name": "irons_spellbooks:blood_magic_resist",
      "modifierUUID": "477DEF9E-FD19-43A4-AE00-85A749B9F22B",
      "description": "+90% \u9c9c\u8840\u9b54\u6cd5\u62b5\u6297",
      "value": 0.9
    }
  ]
}