{
  "armorSetName": "echo_shard",
  "performanceMode": true,
  "head": {
    "itemKey": "extraarmor:echo_shard_helmet"
  },
  "chest": {
    "itemKey": "extraarmor:echo_shard_chestplate"
  },
  "legs": {
    "itemKey": "extraarmor:echo_shard_leggings"
  },
  "boots": {
    "itemKey": "extraarmor:echo_shard_boots"
  },
  "hideGeneratedTooltip": false,
  "customTooltips": [
    "\u5229\u7528\u6df1\u6e0a\u7684\u529b\u91cf\u4fdd\u62a4\u81ea\u5df1\uff0c\u5e76\u8d60\u4e88\u654c\u4eba\u6765\u81ea\u9ed1\u6697\u7684\u6050\u60e7"
  ],
  "fullSetBonuses": [
    {
      "type": "attribute",
      "name": "irons_spellbooks:spell_resist",
      "modifierUUID": "006FF68F-CFDE-410E-876A-EB75E0FED708",
      "description": "+25% \u6cd5\u672f\u62b5\u6297",
      "value": 0.25
    },
    {
      "type": "effect",
      "name": "goety:nyctophobia",
      "value": 1.0,
      "interactionType": "attack",
      "interactionDuration": 300,
      "hideBonusDescription": false,
      "onlyImmuneToNewEffects": false
    }
  ]
}