{
  "armorSetName": "electromancer",
  "performanceMode": true,
  "head": {
    "itemKey": "irons_spellbooks:electromancer_helmet"
  },
  "chest": {
    "itemKey": "irons_spellbooks:electromancer_chestplate"
  },
  "legs": {
    "itemKey": "irons_spellbooks:electromancer_leggings"
  },
  "boots": {
    "itemKey": "irons_spellbooks:electromancer_boots"
  },
  "mainHand": {
    "itemKey": "goety:storm_staff",
    "mixAndMatch": [
      "iceandfire:dragonbone_sword_lightning"
    ]
  },
  "offHand": {
    "itemKey": "goety:storm_staff",
    "mixAndMatch": [
      "iceandfire:dragonbone_sword_lightning"
    ]
  },
  "additionalSetPieces": [{
    "itemKey": "nameless_trinkets:pocket_lightning_rod"
  }],
  "hideGeneratedTooltip": false,
  "customTooltips": [
    "\u4f60\u5df2\u7ecf\u662f\u4e00\u4f4d\u51fa\u8272\u7684\u96f7\u9706\u672f\u58eb\u4e86"
  ],
  "partialBonusRequiredAmount": 5,
  "partialSetBonuses": [
    {
      "type": "attribute",
      "name": "irons_spellbooks:lightning_spell_power",
      "modifierUUID": "09C699D7-2F5F-41E2-BDA2-BEB6B7CE4696",
      "description": "+60% \u96f7\u9706\u9b54\u6cd5\u4f24\u5bb3",
      "value": 0.6
    },
    {
      "type": "attribute",
      "name": "irons_spellbooks:lightning_magic_resist",
      "modifierUUID": "2BA95D51-AF4C-4F2A-B681-CF6AFEF75CD0",
      "description": "+60% \u96f7\u9706\u9b54\u6cd5\u62b5\u6297",
      "value": 0.6
    }
  ],
  "fullSetBonuses": [
    {
      "type": "attribute",
      "name": "irons_spellbooks:lightning_spell_power",
      "modifierUUID": "468F4CA4-C0CC-48CC-A5EF-051767DF729A",
      "description": "+90% \u96f7\u9706\u9b54\u6cd5\u4f24\u5bb3",
      "value": 0.9
    },
    {
      "type": "attribute",
      "name": "irons_spellbooks:lightning_magic_resist",
      "modifierUUID": "99E4C464-47E9-47D9-9A0D-C183EB999F3C",
      "description": "+90% \u96f7\u9706\u9b54\u6cd5\u62b5\u6297",
      "value": 0.9
    }
  ]
}