{
  "armorSetName": "feather",
  "performanceMode": true,
  "head": {
    "itemKey": "extraarmor:feather_helmet"
  },
  "chest": {
    "itemKey": "extraarmor:feather_chestplate"
  },
  "legs": {
    "itemKey": "extraarmor:feather_leggings"
  },
  "boots": {
    "itemKey": "extraarmor:feather_boots"
  },
  "hideGeneratedTooltip": false,
  "customTooltips": [
    "\u4f60\u611f\u89c9\u8f7b\u5982\u9e3f\u6bdb\u2026\u2026"
  ],
  "fullSetBonuses": [
    {
      "type": "effect",
      "name": "minecraft:jump_boost",
      "value": 0.0,
      "interactionType": "self",
      "interactionDuration": 300,
      "hideBonusDescription": false,
      "onlyImmuneToNewEffects": false
    },
    {
      "type": "effect",
      "name": "minecraft:speed",
      "value": 0.0,
      "interactionType": "self",
      "interactionDuration": 300,
      "hideBonusDescription": false,
      "onlyImmuneToNewEffects": false
    },
    {
      "type": "effect",
      "name": "minecraft:slow_falling",
      "value": 0.0,
      "interactionType": "self",
      "interactionDuration": 300,
      "hideBonusDescription": false,
      "onlyImmuneToNewEffects": false
    }
  ]
}