{
  "armorSetName": "necro",
  "performanceMode": true,
  "head": {
    "itemKey": "irons_spellbooks:tarnished_helmet"
  },
  "additionalSetPieces": [{
    "itemKey": "nameless_trinkets:tick",
    "mixAndMatch": [
      "goety:nameless_crown",
      "goety:nameless_cape"
    ]
  }],
  "hideGeneratedTooltip": false,
  "customTooltips": [
    "\u6b32\u6234\u738b\u51a0\uff0c\u5fc5\u627f\u5176\u91cd"
  ],
  "fullSetBonuses": [
    {
      "type": "effect",
      "name": "goety:cursed",
      "value": 0.0,
      "interactionType": "self",
      "interactionDuration": 300,
      "hideBonusDescription": false,
      "onlyImmuneToNewEffects": false
    },
    {
      "type": "attribute",
      "name": "irons_spellbooks:spell_power",
      "modifierUUID": "1E5AF41A-E8FD-461E-AD92-8BCBC415BDDD",
      "description": "+40% \u9b54\u6cd5\u4f24\u5bb3",
      "value": 0.4
    },
    {
      "type": "attribute",
      "name": "irons_spellbooks:max_mana",
      "modifierUUID": "7049A4D7-02EA-442F-93E4-D5D49A60FF08",
      "description": "+50% \u6700\u5927\u6cd5\u529b\u503c",
      "attributeOperation": 1,
      "value": 0.5
    }
  ]
}