{
  "armorSetName": "netherite",
  "performanceMode": true,
  "head": {
    "itemKey": "minecraft:netherite_helmet",
    "mixAndMatch": [
      "cataclysm:monstrous_helm"
    ]
  },
  "chest": {
    "itemKey": "minecraft:netherite_chestplate",
    "mixAndMatch": [
      "create:netherite_backtank"
    ]
  },
  "legs": {
    "itemKey": "minecraft:netherite_leggings"
  },
  "boots": {
    "itemKey": "minecraft:netherite_boots"
  },
  "partialBonusRequiredAmount": 2,
  "partialSetBonuses": [
    {
      "type": "effect",
      "name": "minecraft:resistance",
      "value": 0.0,
      "interactionType": "self",
      "interactionDuration": 300,
      "hideBonusDescription": false,
      "onlyImmuneToNewEffects": false
    }
  ],
  "fullSetBonuses": [
    {
      "type": "effect",
      "name": "minecraft:fire_resistance",
      "value": 0.0,
      "interactionType": "self",
      "interactionDuration": 300,
      "hideBonusDescription": false,
      "onlyImmuneToNewEffects": false
    }
  ],
  "hideGeneratedTooltip": false
}