{
  "armorSetName": "prismarine_shard",
  "performanceMode": true,
  "head": {
    "itemKey": "extraarmor:prismarine_shard_helmet"
  },
  "chest": {
    "itemKey": "extraarmor:prismarine_shard_chestplate"
  },
  "legs": {
    "itemKey": "extraarmor:prismarine_shard_leggings"
  },
  "boots": {
    "itemKey": "extraarmor:prismarine_shard_boots"
  },
  "hideGeneratedTooltip": false,
  "customTooltips": [
    "\u6d77\u5e95\u795e\u6bbf\u7a0d\u5fae\u8ba4\u53ef\u4e86\u4f60\u4e00\u4e9b\u2026\u2026"
  ],
  "fullSetBonuses": [
    {
      "type": "attribute",
      "name": "forge:swim_speed",
      "modifierUUID": "D86F6230-A725-4385-94F6-A9BB7E101AF3",
      "description": "+30% \u6e38\u6cf3\u901f\u5ea6",
      "value": 0.3,
      "attributeOperation": 1
    },
    {
      "type": "effect",
      "name": "minecraft:night_vision",
      "value": 0.0,
      "interactionType": "self",
      "interactionDuration": 300,
      "conditions": [
        {
          "type": "inWater"
        }
      ],
      "hideBonusDescription": false,
      "onlyImmuneToNewEffects": false
    },
    {
      "type": "effect",
      "name": "minecraft:mining_fatigue",
      "value": 0.0,
      "interactionType": "immunity",
      "interactionDuration": 300,
      "hideBonusDescription": false,
      "onlyImmuneToNewEffects": false
    }
  ]
}