{
  "armorSetName": "pyromancer",
  "performanceMode": true,
  "head": {
    "itemKey": "irons_spellbooks:pyromancer_helmet"
  },
  "chest": {
    "itemKey": "irons_spellbooks:pyromancer_chestplate"
  },
  "legs": {
    "itemKey": "irons_spellbooks:pyromancer_leggings"
  },
  "boots": {
    "itemKey": "irons_spellbooks:pyromancer_boots"
  },
  "mainHand": {
    "itemKey": "somebosses:vulcan_sword",
    "mixAndMatch": [
      "somebosses:frost_magma_gauntlet",
      "cataclysm:the_incinerator",
      "iceandfire:dragonbone_sword_fire"
    ]
  },
  "offHand": {
    "itemKey": "somebosses:vulcan_sword",
    "mixAndMatch": [
      "somebosses:frost_magma_gauntlet",
      "cataclysm:the_incinerator",
      "iceandfire:dragonbone_sword_fire"
    ]
  },
  "additionalSetPieces": [{
    "itemKey": "nameless_trinkets:blaze_nucleus",
    "mixAndMatch": [
      "irons_spellbooks:blaze_spell_book"
    ]
  }],
  "hideGeneratedTooltip": false,
  "customTooltips": [
    "\u4f60\u5df2\u7ecf\u662f\u4e00\u4f4d\u51fa\u8272\u7684\u70bd\u7130\u672f\u58eb\u4e86"
  ],
  "partialBonusRequiredAmount": 5,
  "partialSetBonuses": [
    {
      "type": "attribute",
      "name": "irons_spellbooks:fire_spell_power",
      "modifierUUID": "D5B6C3EE-E9F5-449F-93E0-9022BB09C7BD",
      "description": "+60% \u70bd\u7130\u9b54\u6cd5\u4f24\u5bb3",
      "value": 0.6
    },
    {
      "type": "attribute",
      "name": "irons_spellbooks:fire_magic_resist",
      "modifierUUID": "081B0303-EA4B-4558-AE1F-6BE0CEF38DEA",
      "description": "+60% \u70bd\u7130\u9b54\u6cd5\u62b5\u6297",
      "value": 0.6
    }
  ],
  "fullSetBonuses": [
    {
      "type": "attribute",
      "name": "irons_spellbooks:fire_spell_power",
      "modifierUUID": "4FF25B73-6122-4167-A0B2-1DA51D4ED84A",
      "description": "+90% \u70bd\u7130\u9b54\u6cd5\u4f24\u5bb3",
      "value": 0.9
    },
    {
      "type": "attribute",
      "name": "irons_spellbooks:fire_magic_resist",
      "modifierUUID": "B4CA0FEC-D611-4C6F-B2A9-69B2FBF83CCD",
      "description": "+90% \u70bd\u7130\u9b54\u6cd5\u62b5\u6297",
      "value": 0.9
    }
  ]
}