{
  "armorSetName": "slime",
  "performanceMode": true,
  "head": {
    "itemKey": "extraarmor:slime_helmet"
  },
  "chest": {
    "itemKey": "extraarmor:slime_chestplate"
  },
  "legs": {
    "itemKey": "extraarmor:slime_leggings"
  },
  "boots": {
    "itemKey": "extraarmor:slime_boots"
  },
  "hideGeneratedTooltip": false,
  "customTooltips": [
    "\u7ad9\u5728\u9ecf\u6db2\u5757\u4e0a\uff0c\u7136\u540e\u4e00\u98de\u51b2\u5929\uff01"
  ],
  "partialBonusRequiredAmount": 3,
  "partialSetBonuses": [
    {
      "type": "effect",
      "name": "minecraft:jump_boost",
      "value": 5.0,
      "interactionType": "self",
      "interactionDuration": 300,
      "conditions": [
        {
          "type": "onblock",
          "extra": "minecraft:slime_block"
        }
      ],
      "hideBonusDescription": false,
      "onlyImmuneToNewEffects": false
    }
  ],
  "fullSetBonuses": [
    {
      "type": "effect",
      "name": "minecraft:jump_boost",
      "value": 11.0,
      "interactionType": "self",
      "interactionDuration": 300,
      "conditions": [
        {
          "type": "onblock",
          "extra": "minecraft:slime_block"
        }
      ],
      "hideBonusDescription": false,
      "onlyImmuneToNewEffects": false
    }
  ]
}