{
  "armorSetName": "tide",
  "performanceMode": true,
  "head": {
    "itemKey": "iceandfire:tide_blue_helmet",
    "mixAndMatch": [
      "iceandfire:tide_bronze_helmet",
      "iceandfire:tide_deepblue_helmet",
      "iceandfire:tide_green_helmet",
      "iceandfire:tide_purple_helmet",
      "iceandfire:tide_red_helmet",
      "iceandfire:tide_teal_helmet"
    ]
  },
  "chest": {
    "itemKey": "iceandfire:tide_blue_chestplate",
    "mixAndMatch": [
      "iceandfire:tide_bronze_chestplate",
      "iceandfire:tide_deepblue_chestplate",
      "iceandfire:tide_green_chestplate",
      "iceandfire:tide_purple_chestplate",
      "iceandfire:tide_red_chestplate",
      "iceandfire:tide_teal_chestplate"
    ]
  },
  "legs": {
    "itemKey": "iceandfire:tide_blue_leggings",
    "mixAndMatch": [
      "iceandfire:tide_bronze_leggings",
      "iceandfire:tide_deepblue_leggings",
      "iceandfire:tide_green_leggings",
      "iceandfire:tide_purple_leggings",
      "iceandfire:tide_red_leggings",
      "iceandfire:tide_teal_leggings"
    ]
  },
  "boots": {
    "itemKey": "iceandfire:tide_blue_boots",
    "mixAndMatch": [
      "iceandfire:tide_bronze_boots",
      "iceandfire:tide_deepblue_boots",
      "iceandfire:tide_green_boots",
      "iceandfire:tide_purple_boots",
      "iceandfire:tide_red_boots",
      "iceandfire:tide_teal_boots"
    ]
  },
  "hideGeneratedTooltip": false,
  "customTooltips": [
    "\u4e0e\u6c34\u4e2d\u7684\u9b54\u529b\u4eb2\u548c\uff0c\u62a4\u536b\u5468\u8eab"
  ],
  "fullSetBonuses": [
    {
      "type": "effect",
      "name": "minecraft:regeneration",
      "value": 0.0,
      "interactionType": "self",
      "interactionDuration": 600,
      "hideBonusDescription": false,
      "onlyImmuneToNewEffects": false
    },
    {
      "type": "effect",
      "name": "minecraft:resistance",
      "value": 0.0,
      "interactionType": "self",
      "interactionDuration": 600,
      "hideBonusDescription": false,
      "onlyImmuneToNewEffects": false,
      "conditions": [
        {
          "type": "inRain"
        }
      ]
    },
    {
      "type": "effect",
      "name": "minecraft:regeneration",
      "value": 0.0,
      "interactionType": "self",
      "interactionDuration": 600,
      "hideBonusDescription": false,
      "onlyImmuneToNewEffects": false,
      "conditions": [
        {
          "type": "inRain"
        }
      ]
    },
    {
      "type": "effect",
      "name": "minecraft:resistance",
      "value": 0.0,
      "interactionType": "self",
      "interactionDuration": 600,
      "hideBonusDescription": false,
      "onlyImmuneToNewEffects": false,
      "conditions": [
        {
          "type": "inWater"
        }
      ]
    },
    {
      "type": "effect",
      "name": "minecraft:regeneration",
      "value": 1.0,
      "interactionType": "self",
      "interactionDuration": 600,
      "hideBonusDescription": false,
      "onlyImmuneToNewEffects": false,
      "conditions": [
        {
          "type": "inWater"
        }
      ]
    }
  ]
}