{
  "armorSetName": "warped_wood",
  "performanceMode": true,
  "head": {
    "itemKey": "extraarmor:warped_wood_helmet"
  },
  "chest": {
    "itemKey": "extraarmor:warped_wood_chestplate"
  },
  "legs": {
    "itemKey": "extraarmor:warped_wood_leggings"
  },
  "boots": {
    "itemKey": "extraarmor:warped_wood_boots"
  },
  "hideGeneratedTooltip": false,
  "customTooltips": [
    "\u80fd\u591f\u7565\u5fae\u5f3a\u5316\u672b\u5f71\u548c\u81ea\u7136\u7cfb\u9b54\u6cd5\u7684\u5a01\u529b\uff0c\u5e76\u8d4b\u4e88\u518d\u751f\u6548\u679c"
  ],
  "fullSetBonuses": [
    {
      "type": "attribute",
      "name": "irons_spellbooks:nature_spell_power",
      "modifierUUID": "B96248C5-07B3-4BAA-8E40-3553B5878B3E",
      "description": "+20% \u81ea\u7136\u7cfb\u9b54\u6cd5\u4f24\u5bb3",
      "value": 0.2
    },
    {
      "type": "attribute",
      "name": "irons_spellbooks:ender_spell_power",
      "modifierUUID": "D21456A5-58C4-478C-A61A-94A7340E572F",
      "description": "+20% \u672b\u5f71\u7cfb\u9b54\u6cd5\u4f24\u5bb3",
      "value": 0.2
    },
    {
      "type": "effect",
      "name": "minecraft:regeneration",
      "value": 0.0,
      "interactionType": "self",
      "interactionDuration": 300,
      "hideBonusDescription": false,
      "onlyImmuneToNewEffects": false
    }
  ]
}