{
  "armorSetName": "wood",
  "performanceMode": true,
  "head": {
    "itemKey": "extraarmor:oak_wood_helmet",
    "mixAndMatch": [
      "extraarmor:birch_wood_helmet",
      "extraarmor:spruce_wood_helmet",
      "extraarmor:jungle_wood_helmet",
      "extraarmor:acacia_wood_helmet",
      "extraarmor:dark_oak_wood_helmet",
      "extraarmor:mangrove_wood_helmet"
    ],
    "mustBeEmpty": false
  },
  "chest": {
    "itemKey": "extraarmor:oak_wood_chestplate",
    "mixAndMatch": [
      "extraarmor:birch_wood_chestplate",
      "extraarmor:spruce_wood_chestplate",
      "extraarmor:jungle_wood_chestplate",
      "extraarmor:acacia_wood_chestplate",
      "extraarmor:dark_oak_wood_chestplate",
      "extraarmor:mangrove_wood_chestplate"
    ],
    "mustBeEmpty": false
  },
  "legs": {
    "itemKey": "extraarmor:oak_wood_leggings",
    "mixAndMatch": [
      "extraarmor:birch_wood_leggings",
      "extraarmor:spruce_wood_leggings",
      "extraarmor:jungle_wood_leggings",
      "extraarmor:acacia_wood_leggings",
      "extraarmor:dark_oak_wood_leggings",
      "extraarmor:mangrove_wood_leggings"
    ],
    "mustBeEmpty": false
  },
  "boots": {
    "itemKey": "extraarmor:oak_wood_boots",
    "mixAndMatch": [
      "extraarmor:birch_wood_boots",
      "extraarmor:spruce_wood_boots",
      "extraarmor:jungle_wood_boots",
      "extraarmor:acacia_wood_boots",
      "extraarmor:dark_oak_wood_boots",
      "extraarmor:mangrove_wood_boots"
    ],
    "mustBeEmpty": false
  },
  "hideGeneratedTooltip": false,
  "customTooltips": [
    "\u80fd\u591f\u7565\u5fae\u5f3a\u5316\u81ea\u7136\u7cfb\u9b54\u6cd5\u7684\u5a01\u529b\uff0c\u5e76\u8d4b\u4e88\u518d\u751f\u6548\u679c"
  ],
  "fullSetBonuses": [
    {
      "type": "attribute",
      "name": "irons_spellbooks:nature_spell_power",
      "modifierUUID": "BC4E02C7-37F6-4318-9763-738E90E5E271",
      "description": "+20% \u81ea\u7136\u7cfb\u9b54\u6cd5\u4f24\u5bb3",
      "value": 0.2
    },
    {
      "type": "effect",
      "name": "minecraft:regeneration",
      "value": 0.0,
      "interactionType": "self",
      "interactionDuration": 300,
      "hideBonusDescription": false,
      "onlyImmuneToNewEffects": false
    }
  ]
}