{
  "pools": [
    {
      "rolls": 1,
      "entries": [
        {
          "type": "minecraft:item",
          "weight": 1,
          "name": "minecraft:enchanted_book",
          "functions": [
            {
              "function": "minecraft:set_enchantments",
              "enchantments": {
                "betterarcheology:penetrating_strike": 1
              }
            },
            {
              "function": "minecraft:set_lore",
              "lore": [
                {
                  "translate": "enchantment.betterarcheology.penetrating_strike.desc",
                  "color": "dark_gray"
                }
              ]
            },
            {
              "function": "minecraft:set_name",
              "name": {
                "translate": "item.betterarcheology.identified_artifact"
              }
            }
          ]   
        },
        {
          "type": "minecraft:item",
          "weight": 1,
          "name": "minecraft:enchanted_book",
          "functions": [
            {
              "function": "minecraft:set_enchantments",
              "enchantments": {
                "betterarcheology:soaring_winds": 1
              }
            },
            {
              "function": "minecraft:set_lore",
              "lore": [
                {
                  "translate": "enchantment.betterarcheology.soaring_winds.desc",
                  "color": "dark_gray"
                }
              ]
            },
            {
              "function": "minecraft:set_name",
              "name": {
                "translate": "item.betterarcheology.identified_artifact"
              }
            }
          ]
        },
        {
          "type": "minecraft:item",
          "weight": 1,
          "name": "minecraft:enchanted_book",
          "functions": [
            {
              "function": "minecraft:set_enchantments",
              "enchantments": {
                "betterarcheology:tunneling": 1
              }
            },
            {
              "function": "minecraft:set_lore",
              "lore": [
                {
                  "translate": "enchantment.betterarcheology.tunneling.desc",
                  "color": "dark_gray"
                }
              ]
            },
            {
              "function": "minecraft:set_name",
              "name": {
                "translate": "item.betterarcheology.identified_artifact"
              }
            }
          ]
        },
        {
          "type": "minecraft:item",
          "weight": 1,
          "name": "whimsy:champions"
        }
      ]
    }
  ]
}
