{
  "faded_song": {
    "category": "record",
    "sounds": [
      {
        "name": "kubejs:records/faded_song",
        "stream": true
      }
    ]
  },
  "beak_metal": {
    "category": "record",
    "sounds": [
      {
        "name": "kubejs:records/beak_metal",
        "stream": true
      }
    ]
  },
  "beak_mangrove_roots": {
    "category": "record",
    "sounds": [
      {
        "name": "kubejs:records/beak_mangrove_roots",
        "stream": true
      }
    ]
  }
}