{
    "ModSettings": {
        "enable_profiles": {
            "value": false
        },
        "enable_auto_refill": {
            "value": false
        },
        "enable_updates_check": false,
        "first_run": false
    },
    "GuiSettings": {
        "enable_inventory_editor_button": {
            "value": false
        },
        "enable_profiles_ui": {
            "value": false
        },
        "show_fast_rename_checkbox": {
            "value": false
        },
        "show_continuous_crafting_checkbox": {
            "value": false
        },
        "continuous_crafting_saved_value": false,
        "show_sort_in_columns_button": {
            "value": false
        },
        "show_sort_in_rows_button": {
            "value": false
        },
        "show_move_all_button": {
            "value": false
        }
    }
}