{
  "Traders": [
    {
      "Type": "lightmanscurrency:item_trader",
      "ID": "villager",
      "Name": "村庄交易所",
      "OwnerName": "村民",
      "Trades": [
        {
          "TradeType": "SALE",
          "SellItem": {
            "ID": "kubejs:random_delivery_agreement",
            "Count": 1
          },
          "DisplayName": "随机交易卷轴",
          "Price": {
            "Value": [
              {
                "Coin": "lightmanscurrency:coin_gold",
                "Amount": 1
              }
            ],
            "Chain": "main",
            "type": "lightmanscurrency:coins"
          }
        },
        {
          "TradeType": "SALE",
          "SellItem": {
            "ID": "kubejs:mysterious_trinket",
            "Count": 1
          },
          "DisplayName": "随机神秘饰品",
          "Price": {
            "Value": [
              {
                "Coin": "lightmanscurrency:coin_gold",
                "Amount": 5
              }
            ],
            "Chain": "main",
            "type": "lightmanscurrency:coins"
          }
        },
        {
          "TradeType": "SALE",
          "SellItem": {
            "ID": "kubejs:lucky_block",
            "Count": 1
          },
          "DisplayName": "幸运方块",
          "Price": {
            "Value": [
              {
                "Coin": "lightmanscurrency:coin_emerald",
                "Amount": 3
              }
            ],
            "Chain": "main",
            "type": "lightmanscurrency:coins"
          }
        }
      ]
    }
  ],
  "Auctions": []
}